name	type	units
Fp1	n/a	n/a
Fz	n/a	n/a
F3	n/a	n/a
F7	n/a	n/a
FT9	n/a	n/a
FC5	n/a	n/a
FC1	n/a	n/a
C3	n/a	n/a
T7	n/a	n/a
TP9	n/a	n/a
CP5	n/a	n/a
CP1	n/a	n/a
Pz	n/a	n/a
P3	n/a	n/a
P7	n/a	n/a
O1	n/a	n/a
Oz	n/a	n/a
O2	n/a	n/a
P4	n/a	n/a
P8	n/a	n/a
TP10	n/a	n/a
CP6	n/a	n/a
CP2	n/a	n/a
Cz	n/a	n/a
C4	n/a	n/a
T8	n/a	n/a
FT10	n/a	n/a
FC6	n/a	n/a
FC2	n/a	n/a
F4	n/a	n/a
F8	n/a	n/a
Fp2	n/a	n/a
AF7	n/a	n/a
AF3	n/a	n/a
AFz	n/a	n/a
F1	n/a	n/a
F5	n/a	n/a
FT7	n/a	n/a
FC3	n/a	n/a
C1	n/a	n/a
C5	n/a	n/a
TP7	n/a	n/a
CP3	n/a	n/a
P1	n/a	n/a
P5	n/a	n/a
PO7	n/a	n/a
PO3	n/a	n/a
POz	n/a	n/a
PO4	n/a	n/a
PO8	n/a	n/a
P6	n/a	n/a
P2	n/a	n/a
CPz	n/a	n/a
CP4	n/a	n/a
TP8	n/a	n/a
C6	n/a	n/a
C2	n/a	n/a
FC4	n/a	n/a
FT8	n/a	n/a
F6	n/a	n/a
AF8	n/a	n/a
AF4	n/a	n/a
F2	n/a	n/a
Iz	n/a	n/a
F9	n/a	n/a
AFF1h	n/a	n/a
FFC1h	n/a	n/a
FFC5h	n/a	n/a
FTT7h	n/a	n/a
FCC3h	n/a	n/a
CCP1h	n/a	n/a
CCP5h	n/a	n/a
TPP7h	n/a	n/a
P9	n/a	n/a
PPO9h	n/a	n/a
PO9	n/a	n/a
O9	n/a	n/a
OI1h	n/a	n/a
PPO1h	n/a	n/a
CPP3h	n/a	n/a
CPP4h	n/a	n/a
PPO2h	n/a	n/a
OI2h	n/a	n/a
O10	n/a	n/a
PO10	n/a	n/a
PPO10h	n/a	n/a
P10	n/a	n/a
TPP8h	n/a	n/a
CCP6h	n/a	n/a
CCP2h	n/a	n/a
FCC4h	n/a	n/a
FTT8h	n/a	n/a
FFC6h	n/a	n/a
FFC2h	n/a	n/a
AFF2h	n/a	n/a
F10	n/a	n/a
EOGV_m	n/a	n/a
EOGV_p	n/a	n/a
FACE	n/a	n/a
